Freq,Re(Av),Im(Av),Re(Ai),Im(Ai),Re(Pin),Im(Pin),Re(Pout),Im(Pout),Re(Zin),Im(Zin),Re(Zout),Im(Zout),Re(Vin),Im(Vin),Re(Vout),Im(Vout),Re(Iin),Im(Iin),Re(Iout),Im(Iout)
Hz,,,,,W,W,W,W,Ohms,Ohms,Ohms,Ohms,V,V,V,V,A,A,A,A
1.000e+01,1.000e+00,-1.988e-03,1.000e+00,-1.985e-03,1.978e-02,-5.663e-08,1.978e-02,-7.865e-05,3.160e+02,9.048e-04,3.160e+02,9.048e-04,2.500e+00,-3.579e-06,2.500e+00,-4.974e-03,7.911e-03,-1.133e-08,7.911e-03,-1.572e-05
6.721e+03,2.396e-01,-9.732e-01,2.267e-01,-9.718e-01,1.981e-02,-2.565e-04,-1.777e-02,-8.754e-03,3.154e+02,4.087e+00,3.174e+02,-3.904e+00,2.502e+00,-1.619e-02,5.838e-01,-2.439e+00,7.918e-03,-5.125e-05,1.745e-03,-7.706e-03
1.343e+04,-8.843e-01,-4.555e-01,-8.965e-01,-4.549e-01,1.956e-02,-9.728e-05,1.153e-02,1.580e-02,3.195e+02,1.580e+00,3.127e+02,-1.912e+00,2.486e+00,-6.182e-03,-2.201e+00,-1.127e+00,7.867e-03,-1.956e-05,-7.062e-03,-3.561e-03
2.014e+04,-6.668e-01,7.593e-01,-6.364e-01,7.582e-01,2.015e-02,-4.741e-04,-3.519e-03,-1.985e-02,3.100e+02,7.363e+00,3.225e+02,-7.201e+00,2.524e+00,-2.968e-02,-1.660e+00,1.936e+00,7.986e-03,-9.394e-05,-5.011e-03,6.115e-03
2.686e+04,5.628e-01,8.123e-01,6.061e-01,8.111e-01,1.926e-02,-6.726e-04,-5.482e-03,1.849e-02,3.242e+02,1.118e+01,3.082e+02,-1.105e+01,2.467e+00,-4.307e-02,1.423e+00,1.980e+00,7.808e-03,-1.363e-04,4.843e-03,6.250e-03
3.357e+04,9.385e-01,-3.783e-01,9.133e-01,-3.778e-01,2.024e-02,-2.008e-04,1.431e-02,-1.431e-02,3.088e+02,3.099e+00,3.235e+02,-2.921e+00,2.529e+00,-1.254e-02,2.369e+00,-9.686e-01,8.003e-03,-3.970e-05,7.294e-03,-3.060e-03
4.028e+04,-1.109e-01,-9.901e-01,-1.901e-01,-9.887e-01,1.949e-02,-1.533e-03,-1.821e-02,7.272e-03,3.193e+02,2.494e+01,3.117e+02,-2.449e+01,2.483e+00,-9.751e-02,-3.720e-01,-2.448e+00,7.859e-03,-3.086e-04,-1.799e-03,-7.711e-03
4.699e+04,-9.924e-01,-8.503e-02,-1.000e+00,-8.491e-02,1.962e-02,-1.088e-05,1.934e-02,3.312e-03,3.185e+02,1.758e-01,3.135e+02,-2.496e-01,2.490e+00,-6.900e-04,-2.471e+00,-2.110e-01,7.880e-03,-2.184e-06,-7.883e-03,-6.669e-04
5.370e+04,-3.659e-01,9.511e-01,-2.644e-01,9.497e-01,2.034e-02,-1.939e-03,-1.757e-02,-1.062e-02,3.051e+02,2.953e+01,3.251e+02,-3.120e+01,2.538e+00,-1.207e-01,-8.138e-01,2.458e+00,8.032e-03,-3.820e-04,-1.761e-03,7.729e-03
6.041e+04,8.178e-01,5.289e-01,8.812e-01,5.282e-01,1.871e-02,-6.322e-04,8.826e-03,1.653e-02,3.334e+02,1.097e+01,2.994e+02,-1.023e+01,2.432e+00,-4.107e-02,2.011e+00,1.253e+00,7.697e-03,-1.300e-04,6.851e-03,3.951e-03
6.712e+04,7.577e-01,-7.056e-01,6.636e-01,-7.046e-01,2.108e-02,-1.367e-03,-1.252e-03,-2.114e-02,2.952e+02,1.979e+01,3.373e+02,-2.212e+01,2.582e+00,-8.361e-02,1.898e+00,-1.886e+00,8.172e-03,-2.646e-04,5.237e-03,-5.934e-03
7.383e+04,-4.568e-01,-8.573e-01,-5.824e-01,-8.561e-01,1.844e-02,-2.039e-03,-6.812e-03,1.737e-02,3.356e+02,3.592e+01,2.947e+02,-3.192e+01,2.417e+00,-1.333e-01,-1.218e+00,-2.012e+00,7.650e-03,-4.217e-04,-4.817e-03,-6.303e-03
8.055e+04,-9.761e-01,3.091e-01,-9.267e-01,3.087e-01,2.072e-02,-3.175e-04,1.657e-02,-1.243e-02,3.015e+02,4.732e+00,3.312e+02,-4.918e+00,2.559e+00,-1.961e-02,-2.491e+00,8.101e-01,8.097e-03,-6.205e-05,-7.484e-03,2.557e-03
8.726e+04,-6.455e-03,1.001e+00,1.670e-01,9.998e-01,1.933e-02,-3.379e-03,-1.883e-02,6.494e-03,3.161e+02,5.483e+01,3.075e+02,-5.341e+01,2.481e+00,-2.152e-01,1.994e-01,2.485e+00,7.851e-03,-6.810e-04,1.992e-03,7.736e-03
9.397e+04,9.744e-01,1.517e-01,1.003e+00,1.515e-01,1.923e-02,-7.944e-05,1.837e-02,5.687e-03,3.250e+02,1.324e+00,3.073e+02,-1.385e+00,2.465e+00,-5.092e-03,2.403e+00,3.690e-01,7.801e-03,-1.611e-05,7.824e-03,1.165e-03
1.007e+05,4.665e-01,-9.331e-01,2.800e-01,-9.317e-01,2.099e-02,-3.536e-03,-1.797e-02,-1.200e-02,2.910e+02,5.076e+01,3.339e+02,-5.789e+01,2.585e+00,-2.161e-01,1.004e+00,-2.513e+00,8.180e-03,-6.840e-04,1.653e-03,-7.813e-03
1.074e+05,-7.564e-01,-5.788e-01,-8.798e-01,-5.779e-01,1.781e-02,-1.322e-03,7.146e-03,1.641e-02,3.487e+02,2.465e+01,2.852e+02,-2.055e+01,2.374e+00,-8.803e-02,-1.846e+00,-1.307e+00,7.512e-03,-2.786e-04,-6.770e-03,-4.096e-03
1.141e+05,-8.219e-01,6.709e-01,-6.699e-01,6.699e-01,2.201e-02,-2.131e-03,9.250e-05,-2.222e-02,2.811e+02,2.884e+01,3.521e+02,-3.562e+01,2.640e+00,-1.275e-01,-2.084e+00,1.876e+00,8.355e-03,-4.036e-04,-5.326e-03,5.868e-03
1.208e+05,3.741e-01,8.842e-01,5.862e-01,8.829e-01,1.765e-02,-3.467e-03,-6.964e-03,1.692e-02,3.437e+02,6.419e+01,2.813e+02,-5.289e+01,2.373e+00,-2.309e-01,1.092e+00,2.012e+00,7.509e-03,-7.307e-04,5.047e-03,6.201e-03
1.275e+05,9.973e-01,-2.728e-01,9.282e-01,-2.724e-01,2.111e-02,-3.920e-04,1.777e-02,-1.141e-02,2.957e+02,5.679e+00,3.377e+02,-6.230e+00,2.583e+00,-2.398e-02,2.569e+00,-7.285e-01,8.174e-03,-7.588e-05,7.566e-03,-2.297e-03
1.342e+05,8.651e-02,-1.009e+00,-1.823e-01,-1.007e+00,1.915e-02,-5.225e-03,-1.925e-02,7.242e-03,3.093e+02,8.376e+01,3.017e+02,-8.175e+01,2.482e+00,-3.326e-01,-1.207e-01,-2.532e+00,7.856e-03,-1.052e-03,-2.492e-03,-7.720e-03
1.409e+05,-9.596e-01,-1.777e-01,-1.009e+00,-1.775e-01,1.882e-02,-1.654e-04,1.769e-02,6.426e-03,3.319e+02,2.847e+00,3.009e+02,-2.733e+00,2.439e+00,-1.072e-02,-2.342e+00,-4.231e-01,7.718e-03,-3.392e-05,-7.795e-03,-1.335e-03
1.477e+05,-5.261e-01,9.317e-01,-2.530e-01,9.304e-01,2.156e-02,-5.204e-03,-1.960e-02,-1.182e-02,2.766e+02,7.049e+01,3.399e+02,-8.628e+01,2.629e+00,-3.127e-01,-1.092e+00,2.614e+00,8.320e-03,-9.897e-04,-1.184e-03,7.991e-03
1.544e+05,7.222e-01,5.902e-01,9.031e-01,5.894e-01,1.694e-02,-1.927e-03,7.001e-03,1.565e-02,3.637e+02,3.855e+01,2.717e+02,-2.918e+01,2.317e+00,-1.314e-01,1.751e+00,1.273e+00,7.333e-03,-4.159e-04,6.867e-03,3.946e-03
1.611e+05,8.544e-01,-6.745e-01,6.386e-01,-6.736e-01,2.294e-02,-3.084e-03,-1.009e-03,-2.336e-02,2.670e+02,3.902e+01,3.668e+02,-5.307e+01,2.698e+00,-1.806e-01,2.183e+00,-1.974e+00,8.539e-03,-5.715e-04,5.068e-03,-6.116e-03
1.678e+05,-3.395e-01,-8.863e-01,-6.348e-01,-8.851e-01,1.675e-02,-4.692e-03,-5.479e-03,1.713e-02,3.517e+02,9.175e+01,2.664e+02,-6.983e+01,2.323e+00,-3.192e-01,-1.071e+00,-1.950e+00,7.350e-03,-1.010e-03,-5.560e-03,-5.864e-03
1.745e+05,-1.008e+00,2.918e-01,-9.073e-01,2.913e-01,2.173e-02,-6.178e-04,1.769e-02,-1.265e-02,2.868e+02,8.568e+00,3.480e+02,-1.012e+01,2.621e+00,-3.725e-02,-2.632e+00,8.022e-01,8.293e-03,-1.179e-04,-7.490e-03,2.523e-03
1.812e+05,-1.073e-01,1.014e+00,2.577e-01,1.013e+00,1.860e-02,-6.981e-03,-1.856e-02,1.021e-02,3.045e+02,1.126e+02,2.892e+02,-1.071e+02,2.465e+00,-4.475e-01,1.894e-01,2.549e+00,7.801e-03,-1.416e-03,3.445e-03,7.537e-03
1.879e+05,9.640e-01,1.412e-01,1.017e+00,1.410e-01,1.876e-02,-1.392e-04,1.805e-02,5.109e-03,3.329e+02,2.407e+00,2.999e+02,-2.290e+00,2.435e+00,-9.033e-03,2.348e+00,3.351e-01,7.705e-03,-2.858e-05,7.838e-03,1.057e-03
1.946e+05,5.294e-01,-9.576e-01,1.594e-01,-9.562e-01,2.168e-02,-7.194e-03,-2.276e-02,-8.306e-03,2.645e+02,9.379e+01,3.363e+02,-1.189e+02,2.652e+00,-4.285e-01,9.939e-01,-2.767e+00,8.394e-03,-1.356e-03,4.107e-05,-8.242e-03
2.014e+05,-7.372e-01,-5.446e-01,-9.549e-01,-5.438e-01,1.627e-02,-2.093e-03,8.560e-03,1.413e-02,3.766e+02,4.436e+01,2.617e+02,-3.118e+01,2.272e+00,-1.455e-01,-1.754e+00,-1.130e+00,7.190e-03,-4.605e-04,-7.116e-03,-3.470e-03
2.081e+05,-8.485e-01,7.334e-01,-5.455e-01,7.324e-01,2.382e-02,-4.751e-03,-6.623e-03,-2.398e-02,2.515e+02,5.604e+01,3.789e+02,-8.387e+01,2.757e+00,-2.723e-01,-2.140e+00,2.253e+00,8.725e-03,-8.616e-04,-4.128e-03,6.860e-03
2.148e+05,3.775e-01,8.496e-01,7.398e-01,8.484e-01,1.564e-02,-5.298e-03,-1.878e-03,1.718e-02,3.665e+02,1.125e+02,2.494e+02,-7.688e+01,2.254e+00,-3.714e-01,1.166e+00,1.775e+00,7.132e-03,-1.175e-03,6.273e-03,5.181e-03
2.215e+05,1.011e+00,-3.880e-01,8.404e-01,-3.875e-01,2.298e-02,-1.412e-03,1.505e-02,-1.748e-02,2.696e+02,1.797e+01,3.690e+02,-2.422e+01,2.696e+00,-8.274e-02,2.693e+00,-1.130e+00,8.531e-03,-2.618e-04,7.068e-03,-3.525e-03
2.282e+05,4.470e-02,-1.010e+00,-4.129e-01,-1.008e+00,1.725e-02,-8.321e-03,-1.479e-02,1.504e-02,3.101e+02,1.431e+02,2.661e+02,-1.230e+02,2.398e+00,-5.482e-01,-4.464e-01,-2.446e+00,7.589e-03,-1.735e-03,-4.883e-03,-6.937e-03
2.349e+05,-9.962e-01,-1.586e-02,-1.004e+00,-1.584e-02,1.963e-02,-1.861e-06,1.962e-02,6.205e-04,3.183e+02,3.007e-02,3.137e+02,-4.396e-02,2.491e+00,-1.181e-04,-2.481e+00,-3.940e-02,7.882e-03,-3.737e-07,-7.910e-03,-1.245e-04
2.416e+05,-4.537e-01,1.007e+00,2.955e-02,1.006e+00,2.067e-02,-9.532e-03,-2.529e-02,9.698e-04,2.595e+02,1.263e+02,3.120e+02,-1.517e+02,2.619e+00,-5.750e-01,-6.093e-01,2.900e+00,8.289e-03,-1.819e-03,2.075e-03,8.285e-03
2.483e+05,8.158e-01,4.113e-01,1.019e+00,4.107e-01,1.627e-02,-1.472e-03,1.188e-02,1.129e-02,3.788e+02,3.137e+01,2.619e+02,-2.198e+01,2.270e+00,-1.025e-01,1.894e+00,8.499e-01,7.182e-03,-3.243e-04,7.449e-03,2.620e-03
2.550e+05,7.830e-01,-8.519e-01,3.516e-01,-8.507e-01,2.404e-02,-7.763e-03,-1.830e-02,-1.973e-02,2.364e+02,8.698e+01,3.730e+02,-1.367e+02,2.791e+00,-4.395e-01,1.811e+00,-2.722e+00,8.832e-03,-1.391e-03,1.923e-03,-8.002e-03
2.618e+05,-5.087e-01,-7.393e-01,-8.929e-01,-7.383e-01,1.459e-02,-4.697e-03,3.527e-03,1.555e-02,3.931e+02,1.113e+02,2.354e+02,-6.700e+01,2.174e+00,-3.413e-01,-1.358e+00,-1.434e+00,6.881e-03,-1.080e-03,-6.942e-03,-4.116e-03
2.685e+05,-9.856e-01,5.759e-01,-6.786e-01,5.751e-01,2.486e-02,-3.854e-03,4.701e-03,-2.511e-02,2.427e+02,4.305e+01,3.994e+02,-7.029e+01,2.811e+00,-2.166e-01,-2.646e+00,1.833e+00,8.897e-03,-6.855e-04,-5.643e-03,5.582e-03
2.752e+05,1.299e-01,9.574e-01,6.529e-01,9.560e-01,1.507e-02,-8.361e-03,-6.247e-03,1.823e-02,3.395e+02,1.697e+02,2.358e+02,-1.181e+02,2.259e+00,-5.848e-01,8.532e-01,2.087e+00,7.149e-03,-1.851e-03,6.437e-03,5.626e-03
2.819e+05,1.039e+00,-2.265e-01,9.127e-01,-2.262e-01,2.229e-02,-6.066e-04,1.973e-02,-1.039e-02,2.792e+02,8.099e+00,3.574e+02,-1.014e+01,2.654e+00,-3.611e-02,2.751e+00,-6.386e-01,8.399e-03,-1.143e-04,7.640e-03,-2.004e-03
2.886e+05,2.604e-01,-1.044e+00,-3.377e-01,-1.042e+00,1.771e-02,-1.120e-02,-1.992e-02,1.460e-02,2.738e+02,1.708e+02,2.632e+02,-1.642e+02,2.472e+00,-7.157e-01,-1.036e-01,-2.766e+00,7.822e-03,-2.265e-03,-5.002e-03,-7.387e-03
2.953e+05,-9.480e-01,-1.447e-01,-1.033e+00,-1.445e-01,1.815e-02,-2.282e-04,1.746e-02,4.982e-03,3.437e+02,4.147e+00,2.905e+02,-3.626e+00,2.395e+00,-1.506e-02,-2.273e+00,-3.324e-01,7.579e-03,-4.764e-05,-7.835e-03,-1.046e-03
3.020e+05,-6.073e-01,9.980e-01,-8.791e-03,9.966e-01,2.175e-02,-1.175e-02,-2.874e-02,-1.728e-03,2.320e+02,1.386e+02,3.181e+02,-1.897e+02,2.710e+00,-6.853e-01,-9.617e-01,3.121e+00,8.576e-03,-2.169e-03,2.086e-03,8.565e-03
3.087e+05,7.348e-01,4.897e-01,1.035e+00,4.890e-01,1.487e-02,-2.461e-03,9.879e-03,1.159e-02,4.056e+02,5.932e+01,2.412e+02,-3.557e+01,2.175e+00,-1.788e-01,1.686e+00,9.336e-01,6.882e-03,-5.658e-04,7.400e-03,2.780e-03
3.154e+05,8.695e-01,-8.372e-01,3.451e-01,-8.360e-01,2.525e-02,-9.340e-03,-1.958e-02,-2.192e-02,2.172e+02,9.544e+01,3.863e+02,-1.692e+02,2.871e+00,-5.139e-01,2.066e+00,-2.851e+00,9.086e-03,-1.626e-03,1.776e-03,-8.158e-03
3.222e+05,-4.375e-01,-7.706e-01,-9.304e-01,-7.694e-01,1.335e-02,-5.937e-03,3.775e-03,1.517e-02,4.033e+02,1.528e+02,2.168e+02,-8.243e+01,2.102e+00,-4.463e-01,-1.264e+00,-1.424e+00,6.651e-03,-1.412e-03,-7.275e-03,-3.803e-03
3.289e+05,-1.023e+00,5.905e-01,-6.372e-01,5.897e-01,2.610e-02,-5.023e-03,3.005e-03,-2.709e-02,2.267e+02,5.174e+01,4.192e+02,-9.509e+01,2.885e+00,-2.751e-01,-2.789e+00,1.985e+00,9.130e-03,-8.705e-04,-5.305e-03,5.938e-03
3.356e+05,9.912e-02,9.633e-01,7.409e-01,9.619e-01,1.367e-02,-9.709e-03,-3.808e-03,1.934e-02,3.379e+02,2.086e+02,2.144e+02,-1.326e+02,2.193e+00,-6.995e-01,8.912e-01,2.043e+00,6.940e-03,-2.214e-03,7.271e-03,5.035e-03
3.423e+05,1.061e+00,-2.929e-01,8.618e-01,-2.925e-01,2.368e-02,-1.258e-03,1.892e-02,-1.437e-02,2.609e+02,1.531e+01,3.815e+02,-2.208e+01,2.737e+00,-7.262e-02,2.882e+00,-8.787e-01,8.661e-03,-2.298e-04,7.397e-03,-2.731e-03
3.490e+05,2.391e-01,-1.058e+00,-4.942e-01,-1.057e+00,1.585e-02,-1.295e-02,-1.609e-02,2.029e-02,2.692e+02,2.087e+02,2.322e+02,-1.801e+02,2.395e+00,-8.541e-01,-3.312e-01,-2.739e+00,7.580e-03,-2.703e-03,-6.602e-03,-6.673e-03
3.557e+05,-9.925e-01,-2.069e-02,-1.007e+00,-2.066e-02,1.949e-02,-5.347e-06,1.947e-02,8.005e-04,3.207e+02,8.732e-02,3.114e+02,-1.034e-01,2.482e+00,-3.404e-04,-2.463e+00,-5.101e-02,7.854e-03,-1.077e-06,-7.910e-03,-1.612e-04
3.624e+05,-5.429e-01,1.058e+00,2.188e-01,1.057e+00,1.949e-02,-1.466e-02,-2.914e-02,1.147e-02,2.238e+02,1.804e+02,2.712e+02,-2.184e+02,2.633e+00,-8.798e-01,-4.981e-01,3.265e+00,8.332e-03,-2.784e-03,4.766e-03,8.198e-03
3.691e+05,8.374e-01,3.201e-01,1.072e+00,3.197e-01,1.562e-02,-1.295e-03,1.321e-02,8.512e-03,3.933e+02,2.935e+01,2.525e+02,-1.907e+01,2.224e+00,-9.201e-02,1.891e+00,6.348e-01,7.037e-03,-2.912e-04,7.637e-03,1.937e-03
3.758e+05,7.883e-01,-9.771e-01,5.920e-02,-9.757e-01,2.356e-02,-1.413e-02,-3.304e-02,-6.673e-03,2.008e+02,1.431e+02,3.307e+02,-2.353e+02,2.839e+00,-7.862e-01,1.470e+00,-3.394e+00,8.985e-03,-2.488e-03,-1.895e-03,-8.914e-03
3.826e+05,-6.212e-01,-5.828e-01,-1.064e+00,-5.819e-01,1.307e-02,-3.984e-03,8.114e-03,1.154e-02,4.361e+02,1.121e+02,2.149e+02,-5.555e+01,2.055e+00,-3.063e-01,-1.455e+00,-1.007e+00,6.503e-03,-9.694e-04,-7.483e-03,-2.753e-03
3.893e+05,-9.629e-01,8.329e-01,-3.192e-01,8.317e-01,2.668e-02,-1.141e-02,-2.245e-02,-2.406e-02,1.952e+02,1.047e+02,3.982e+02,-2.130e+02,2.966e+00,-6.077e-01,-2.350e+00,3.056e+00,9.387e-03,-1.923e-03,-1.397e-03,8.421e-03
3.960e+05,3.710e-01,7.947e-01,9.958e-01,7.935e-01,1.181e-02,-7.186e-03,4.717e-03,1.470e-02,4.118e+02,2.040e+02,1.949e+02,-9.686e+01,2.013e+00,-5.641e-01,1.195e+00,1.390e+00,6.369e-03,-1.785e-03,7.759e-03,3.277e-03
4.027e+05,1.064e+00,-6.471e-01,5.468e-01,-6.461e-01,2.776e-02,-7.427e-03,-3.188e-03,-3.012e-02,2.039e+02,6.835e+01,4.410e+02,-1.472e+02,2.988e+00,-3.928e-01,2.925e+00,-2.351e+00,9.454e-03,-1.243e-03,4.367e-03,-6.788e-03
4.094e+05,-1.114e-01,-9.502e-01,-8.838e-01,-9.488e-01,1.169e-02,-1.049e-02,5.355e-04,1.948e-02,3.462e+02,2.537e+02,1.880e+02,-1.380e+02,2.081e+00,-7.970e-01,-9.891e-01,-1.888e+00,6.584e-03,-2.522e-03,-8.212e-03,-4.018e-03
4.161e+05,-1.098e+00,4.402e-01,-7.345e-01,4.395e-01,2.655e-02,-3.569e-03,1.340e-02,-2.358e-02,2.259e+02,3.626e+01,4.313e+02,-6.875e+01,2.903e+00,-1.943e-01,-3.102e+00,1.491e+00,9.186e-03,-6.147e-04,-6.477e-03,4.489e-03
4.228e+05,-1.377e-01,1.051e+00,7.444e-01,1.049e+00,1.260e-02,-1.360e-02,-6.512e-03,2.443e-02,2.822e+02,2.612e+02,1.909e+02,-1.769e+02,2.218e+00,-9.688e-01,7.125e-01,2.464e+00,7.020e-03,-3.066e-03,8.443e-03,5.083e-03
4.295e+05,1.076e+00,-2.300e-01,8.801e-01,-2.296e-01,2.370e-02,-9.738e-04,2.076e-02,-1.153e-02,2.609e+02,1.185e+01,3.820e+02,-1.709e+01,2.737e+00,-5.621e-02,2.933e+00,-6.900e-01,8.663e-03,-1.779e-04,7.583e-03,-2.146e-03
4.362e+05,3.623e-01,-1.103e+00,-5.931e-01,-1.101e+00,1.438e-02,-1.618e-02,-1.644e-02,2.681e-02,2.350e+02,2.475e+02,2.019e+02,-2.127e+02,2.386e+00,-1.072e+00,-3.174e-01,-3.020e+00,7.551e-03,-3.391e-03,-8.213e-03,-6.305e-03
4.430e+05,-1.013e+00,3.027e-02,-9.863e-01,3.022e-02,2.031e-02,-1.700e-05,2.027e-02,-1.245e-03,3.077e+02,2.611e-01,3.245e+02,-2.471e-01,2.533e+00,-1.061e-03,-2.566e+00,7.774e-02,8.017e-03,-3.356e-06,-7.907e-03,2.456e-04
4.497e+05,-5.544e-01,1.117e+00,4.427e-01,1.115e+00,1.671e-02,-1.801e-02,-2.715e-02,2.478e-02,2.037e+02,2.267e+02,2.195e+02,-2.442e+02,2.554e+00,-1.114e+00,-1.717e-01,3.470e+00,8.082e-03,-3.526e-03,7.510e-03,7.452e-03
4.564e+05,9.234e-01,1.494e-01,1.059e+00,1.491e-01,1.722e-02,-3.672e-04,1.656e-02,4.745e-03,3.611e+02,7.218e+00,2.764e+02,-5.642e+00,2.333e+00,-2.487e-02,2.158e+00,3.255e-01,7.383e-03,-7.870e-05,7.829e-03,1.018e-03
4.631e+05,7.111e-01,-1.103e+00,-3.035e-01,-1.102e+00,1.922e-02,-1.904e-02,-3.605e-02,1.863e-02,1.838e+02,2.056e+02,2.419e+02,-2.706e+02,2.704e+00,-1.112e+00,6.951e-01,-3.775e+00,8.556e-03,-3.521e-03,-6.476e-03,-8.359e-03
4.698e+05,-8.221e-01,-3.031e-01,-1.105e+00,-3.027e-01,1.481e-02,-1.432e-03,1.293e-02,7.477e-03,4.118e+02,3.510e+01,2.408e+02,-2.073e+01,2.166e+00,-1.045e-01,-1.812e+00,-5.707e-01,6.854e-03,-3.306e-04,-7.673e-03,-1.710e-03
4.765e+05,-8.334e-01,1.074e+00,1.830e-01,1.073e+00,2.156e-02,-1.940e-02,-4.167e-02,1.028e-02,1.712e+02,1.869e+02,2.668e+02,-2.910e+02,2.827e+00,-1.085e+00,-1.191e+00,3.941e+00,8.945e-03,-3.432e-03,5.319e-03,8.968e-03
4.832e+05,7.212e-01,4.285e-01,1.132e+00,4.278e-01,1.307e-02,-2.720e-03,1.043e-02,8.647e-03,4.493e+02,7.883e+01,2.157e+02,-3.808e+01,2.043e+00,-2.104e-01,1.563e+00,7.235e-01,6.464e-03,-6.658e-04,7.605e-03,2.012e-03
4.899e+05,9.250e-01,-1.040e+00,-8.671e-02,-1.039e+00,2.352e-02,-1.936e-02,-4.415e-02,1.986e-03,1.634e+02,1.719e+02,2.909e+02,-3.057e+02,2.921e+00,-1.047e+00,1.612e+00,-4.006e+00,9.242e-03,-3.314e-03,-4.243e-03,-9.311e-03
4.966e+05,-6.313e-01,-5.247e-01,-1.149e+00,-5.239e-01,1.184e-02,-3.933e-03,9.002e-03,9.281e-03,4.695e+02,1.271e+02,1.983e+02,-5.391e+01,1.960e+00,-3.170e-01,-1.404e+00,-8.283e-01,6.203e-03,-1.003e-03,-7.650e-03,-2.097e-03
5.034e+05,-9.909e-01,1.010e+00,1.825e-02,1.008e+00,2.498e-02,-1.920e-02,-4.471e-02,-4.610e-03,1.581e+02,1.611e+02,3.107e+02,-3.162e+02,2.988e+00,-1.015e+00,-1.935e+00,4.023e+00,9.454e-03,-3.213e-03,3.412e-03,9.474e-03
5.101e+05,5.602e-01,5.922e-01,1.160e+00,5.913e-01,1.100e-02,-4.905e-03,8.289e-03,9.727e-03,4.763e+02,1.687e+02,1.864e+02,-6.629e+01,1.908e+00,-4.062e-01,1.309e+00,9.022e-01,6.037e-03,-1.285e-03,7.763e-03,2.079e-03
5.168e+05,1.036e+00,-9.906e-01,1.944e-02,-9.892e-01,2.591e-02,-1.919e-02,-4.490e-02,-8.633e-03,1.540e+02,1.551e+02,3.228e+02,-3.246e+02,3.031e+00,-1.000e+00,2.149e+00,-4.039e+00,9.593e-03,-3.165e-03,-2.945e-03,-9.551e-03
5.235e+05,-5.143e-01,-6.313e-01,-1.171e+00,-6.304e-01,1.044e-02,-5.535e-03,8.016e-03,9.974e-03,4.774e+02,1.973e+02,1.788e+02,-7.415e+01,1.876e+00,-4.663e-01,-1.259e+00,-9.442e-01,5.935e-03,-1.476e-03,-7.877e-03,-2.014e-03
5.302e+05,-1.064e+00,9.880e-01,-2.367e-02,9.866e-01,2.630e-02,-1.955e-02,-4.595e-02,-9.652e-03,1.501e+02,1.543e+02,3.244e+02,-3.329e+02,3.055e+00,-1.011e+00,-2.251e+00,4.094e+00,9.668e-03,-3.200e-03,2.928e-03,9.614e-03
5.369e+05,4.983e-01,6.415e-01,1.182e+00,6.406e-01,1.015e-02,-5.754e-03,8.007e-03,9.907e-03,4.798e+02,2.099e+02,1.748e+02,-7.676e+01,1.856e+00,-4.897e-01,1.239e+00,9.467e-01,5.874e-03,-1.550e-03,7.937e-03,1.931e-03
5.436e+05,1.077e+00,-1.005e+00,-8.439e-03,-1.004e+00,2.609e-02,-2.039e-02,-4.842e-02,-7.211e-03,1.458e+02,1.591e+02,3.136e+02,-3.416e+02,3.058e+00,-1.053e+00,2.234e+00,-4.208e+00,9.678e-03,-3.333e-03,-3.428e-03,-9.687e-03
5.503e+05,-5.158e-01,-6.203e-01,-1.194e+00,-6.194e-01,1.013e-02,-5.505e-03,8.180e-03,9.462e-03,4.863e+02,2.040e+02,1.747e+02,-7.355e+01,1.850e+00,-4.703e-01,-1.246e+00,-9.049e-01,5.854e-03,-1.488e-03,-7.909e-03,-1.850e-03
5.571e+05,-1.073e+00,1.043e+00,8.004e-02,1.041e+00,2.514e-02,-2.168e-02,-5.188e-02,-5.984e-04,1.413e+02,1.699e+02,2.897e+02,-3.480e+02,3.036e+00,-1.128e+00,-2.082e+00,4.377e+00,9.607e-03,-3.570e-03,4.486e-03,9.718e-03
5.638e+05,5.692e-01,5.634e-01,1.200e+00,5.626e-01,1.050e-02,-4.756e-03,8.580e-03,8.716e-03,4.933e+02,1.748e+02,1.799e+02,-6.401e+01,1.865e+00,-4.029e-01,1.289e+00,8.216e-01,5.903e-03,-1.275e-03,7.800e-03,1.791e-03
5.705e+05,1.050e+00,-1.098e+00,-1.941e-01,-1.096e+00,2.327e-02,-2.319e-02,-5.450e-02,1.082e-02,1.372e+02,1.873e+02,2.549e+02,-3.476e+02,2.978e+00,-1.231e+00,1.774e+00,-4.561e+00,9.424e-03,-3.894e-03,-6.098e-03,-9.576e-03
5.772e+05,-6.591e-01,-4.641e-01,-1.191e+00,-4.634e-01,1.147e-02,-3.500e-03,9.540e-03,7.848e-03,4.868e+02,1.197e+02,1.935e+02,-4.784e+01,1.925e+00,-2.872e-01,-1.402e+00,-7.042e-01,6.093e-03,-9.088e-04,-7.677e-03,-1.741e-03
5.839e+05,-9.964e-01,1.163e+00,3.518e-01,1.161e+00,2.036e-02,-2.448e-02,-5.294e-02,2.642e-02,1.350e+02,2.115e+02,2.146e+02,-3.362e+02,2.872e+00,-1.347e+00,-1.295e+00,4.682e+00,9.088e-03,-4.263e-03,8.148e-03,9.054e-03
5.906e+05,7.829e-01,3.142e-01,1.151e+00,3.138e-01,1.349e-02,-1.825e-03,1.193e-02,6.726e-03,4.442e+02,5.120e+01,2.219e+02,-2.577e+01,2.069e+00,-1.393e-01,1.664e+00,5.410e-01,6.547e-03,-4.409e-04,7.677e-03,1.547e-03
5.973e+05,9.011e-01,-1.224e+00,-5.506e-01,-1.222e+00,1.649e-02,-2.491e-02,-4.350e-02,4.257e-02,1.370e+02,2.434e+02,1.758e+02,-3.122e+02,2.707e+00,-1.454e+00,6.592e-01,-4.623e+00,8.565e-03,-4.601e-03,-1.034e-02,-7.936e-03
6.040e+05,-9.326e-01,-1.064e-01,-1.060e+00,-1.062e-01,1.735e-02,-2.474e-04,1.701e-02,3.434e-03,3.587e+02,4.810e+00,2.784e+02,-3.818e+00,2.342e+00,-1.670e-02,-2.186e+00,-2.336e-01,7.411e-03,-5.283e-05,-7.862e-03,-7.312e-04
6.107e+05,-7.469e-01,1.259e+00,7.795e-01,1.257e+00,1.216e-02,-2.379e-02,-2.531e-02,5.201e-02,1.478e+02,2.838e+02,1.445e+02,-2.774e+02,2.479e+00,-1.517e+00,5.783e-02,4.253e+00,7.843e-03,-4.799e-03,1.215e-02,6.118e-03
6.175e+05,1.091e+00,-1.624e-01,8.922e-01,-1.621e-01,2.383e-02,-6.994e-04,2.235e-02,-8.331e-03,2.596e+02,8.446e+00,3.843e+02,-1.232e+01,2.744e+00,-4.027e-02,2.988e+00,-4.896e-01,8.685e-03,-1.274e-04,7.728e-03,-1.522e-03
6.242e+05,5.163e-01,-1.235e+00,-1.015e+00,-1.234e+00,8.266e-03,-2.071e-02,-4.158e-03,4.751e-02,1.767e+02,3.339e+02,1.239e+02,-2.342e+02,2.198e+00,-1.489e+00,-7.049e-01,-3.484e+00,6.955e-03,-4.713e-03,-1.287e-02,-3.798e-03
6.309e+05,-1.229e+00,4.840e-01,-6.231e-01,4.834e-01,3.089e-02,-6.692e-03,1.044e-02,-3.124e-02,1.811e+02,5.322e+01,5.081e+02,-1.487e+02,3.143e+00,-3.365e-01,-3.701e+00,1.935e+00,9.945e-03,-1.065e-03,-5.682e-03,5.470e-03
6.376e+05,-1.970e-01,1.114e+00,1.213e+00,1.112e+00,5.999e-03,-1.575e-02,8.970e-03,3.008e-02,2.476e+02,3.885e+02,1.167e+02,-1.832e+02,1.900e+00,-1.310e+00,1.085e+00,2.375e+00,6.014e-03,-4.145e-03,1.191e-02,1.661e-03
6.443e+05,1.302e+00,-8.306e-01,2.390e-01,-8.294e-01,3.205e-02,-1.796e-02,-3.507e-02,-3.418e-02,1.327e+02,1.171e+02,4.241e+02,-3.737e+02,3.297e+00,-8.607e-01,3.576e+00,-3.859e+00,1.043e-02,-2.724e-03,2.340e-04,-9.305e-03
6.510e+05,-2.081e-01,-8.533e-01,-1.311e+00,-8.521e-01,6.535e-03,-9.667e-03,9.561e-03,1.286e-02,4.107e+02,3.859e+02,1.292e+02,-1.217e+02,1.696e+00,-9.006e-01,-1.121e+00,-1.260e+00,5.367e-03,-2.850e-03,-9.465e-03,-8.364e-04
6.577e+05,-1.248e+00,1.145e+00,2.471e-01,1.143e+00,2.442e-02,-2.690e-02,-7.023e-02,1.557e-02,1.104e+02,1.888e+02,2.311e+02,-3.949e+02,3.098e+00,-1.372e+00,-2.295e+00,5.258e+00,9.805e-03,-4.341e-03,7.385e-03,1.013e-02
6.644e+05,6.654e-01,4.272e-01,1.229e+00,4.266e-01,1.096e-02,-3.309e-03,9.642e-03,6.760e-03,5.058e+02,1.214e+02,1.867e+02,-4.503e+01,1.882e+00,-2.779e-01,1.371e+00,6.188e-01,5.954e-03,-8.794e-04,7.693e-03,1.459e-03
6.711e+05,1.004e+00,-1.334e+00,-7.739e-01,-1.332e+00,1.340e-02,-2.766e-02,-4.264e-02,6.654e-02,1.136e+02,2.692e+02,1.332e+02,-3.155e+02,2.641e+00,-1.655e+00,4.428e-01,-5.183e+00,8.357e-03,-5.237e-03,-1.344e-02,-7.078e-03
6.779e+05,-1.094e+00,1.495e-01,-8.933e-01,1.493e-01,2.388e-02,-6.512e-04,2.262e-02,-7.712e-03,2.590e+02,7.838e+00,3.852e+02,-1.149e+01,2.747e+00,-3.745e-02,-3.001e+00,4.517e-01,8.694e-03,-1.185e-04,-7.749e-03,1.404e-03
6.846e+05,-5.270e-01,1.282e+00,1.215e+00,1.280e+00,5.637e-03,-2.079e-02,5.499e-03,5.240e-02,1.649e+02,3.679e+02,1.015e+02,-2.265e+02,2.072e+00,-1.585e+00,9.397e-01,3.492e+00,6.558e-03,-5.017e-03,1.439e-02,2.298e-03
6.913e+05,1.360e+00,-7.853e-01,2.824e-01,-7.842e-01,3.353e-02,-1.743e-02,-3.022e-02,-3.916e-02,1.282e+02,1.085e+02,4.549e+02,-3.843e+02,3.357e+00,-8.203e-01,3.922e+00,-3.752e+00,1.062e-02,-2.596e-03,9.643e-04,-9.063e-03
6.980e+05,-1.559e-01,-8.862e-01,-1.384e+00,-8.849e-01,5.439e-03,-1.024e-02,1.088e-02,1.324e-02,3.914e+02,4.253e+02,1.171e+02,-1.275e+02,1.641e+00,-9.863e-01,-1.130e+00,-1.300e+00,5.192e-03,-3.121e-03,-9.948e-03,-2.743e-04
7.047e+05,-1.294e+00,1.289e+00,5.087e-01,1.287e+00,2.011e-02,-3.028e-02,-7.719e-02,4.984e-02,9.484e+01,2.203e+02,1.650e+02,-3.831e+02,2.987e+00,-1.602e+00,-1.802e+00,5.923e+00,9.452e-03,-5.069e-03,1.133e-02,9.585e-03
7.114e+05,8.970e-01,1.390e-01,1.093e+00,1.388e-01,1.613e-02,-4.788e-04,1.564e-02,3.999e-03,3.835e+02,1.038e+01,2.602e+02,-7.143e+00,2.258e+00,-3.350e-02,2.030e+00,2.837e-01,7.146e-03,-1.060e-04,7.827e-03,8.757e-04
7.181e+05,7.697e-01,-1.392e+00,-1.215e+00,-1.390e+00,6.026e-03,-2.443e-02,-2.108e-03,7.387e-02,1.251e+02,3.455e+02,9.268e+01,-2.560e+02,2.220e+00,-1.739e+00,-7.121e-01,-4.429e+00,7.024e-03,-5.502e-03,-1.619e-02,-3.078e-03
7.248e+05,-1.401e+00,7.737e-01,-2.872e-01,7.726e-01,3.435e-02,-1.767e-02,-2.977e-02,-4.135e-02,1.235e+02,1.064e+02,4.651e+02,-4.000e+02,3.396e+00,-8.224e-01,-4.120e+00,3.779e+00,1.075e-02,-2.602e-03,-1.076e-03,9.050e-03
7.315e+05,1.647e-01,8.745e-01,1.435e+00,8.733e-01,4.954e-03,-9.967e-03,1.133e-02,1.219e-02,4.001e+02,4.438e+02,1.120e+02,-1.244e+02,1.594e+00,-9.878e-01,1.126e+00,1.231e+00,5.045e-03,-3.126e-03,9.969e-03,-8.028e-05
7.383e+05,1.302e+00,-1.421e+00,-7.816e-01,-1.419e+00,1.526e-02,-3.171e-02,-6.968e-02,8.499e-02,8.518e+01,2.521e+02,1.204e+02,-3.561e+02,2.823e+00,-1.774e+00,1.153e+00,-6.323e+00,8.934e-03,-5.615e-03,-1.495e-02,-8.292e-03
7.450e+05,-1.142e+00,2.050e-01,-8.388e-01,2.047e-01,2.599e-02,-1.384e-03,2.325e-02,-1.182e-02,2.347e+02,1.465e+01,4.238e+02,-2.621e+01,2.867e+00,-7.627e-02,-3.259e+00,6.749e-01,9.073e-03,-2.414e-04,-7.561e-03,2.060e-03
7.517e+05,-4.183e-01,1.274e+00,1.483e+00,1.272e+00,2.660e-03,-1.844e-02,1.906e-02,4.492e-02,1.763e+02,4.263e+02,8.280e+01,-2.004e+02,1.834e+00,-1.588e+00,1.256e+00,3.001e+00,5.804e-03,-5.027e-03,1.500e-02,-7.129e-05
7.584e+05,1.503e+00,-1.286e+00,-4.340e-01,-1.284e+00,2.356e-02,-3.219e-02,-9.846e-02,4.186e-02,8.085e+01,2.014e+02,1.719e+02,-4.278e+02,3.166e+00,-1.607e+00,2.692e+00,-6.487e+00,1.002e-02,-5.084e-03,-1.088e-02,-1.066e-02
7.651e+05,-8.849e-01,-1.456e-01,-1.106e+00,-1.454e-01,1.570e-02,-5.570e-04,1.520e-02,4.017e-03,3.929e+02,1.257e+01,2.539e+02,-8.227e+00,2.228e+00,-3.950e-02,-1.977e+00,-2.895e-01,7.051e-03,-1.250e-04,-7.817e-03,-8.870e-04
7.718e+05,-7.120e-01,1.436e+00,1.489e+00,1.434e+00,2.757e-03,-2.277e-02,1.685e-02,7.413e-02,1.232e+02,3.893e+02,7.392e+01,-2.336e+02,2.015e+00,-1.786e+00,1.130e+00,4.165e+00,6.376e-03,-5.650e-03,1.760e-02,7.305e-04
7.785e+05,1.577e+00,-1.255e+00,-3.630e-01,-1.253e+00,2.579e-02,-3.231e-02,-1.044e-01,3.009e-02,7.791e+01,1.896e+02,1.857e+02,-4.514e+02,3.257e+00,-1.567e+00,3.168e+00,-6.558e+00,1.031e-02,-4.960e-03,-9.956e-03,-1.111e-02
7.852e+05,-8.632e-01,-1.683e-01,-1.126e+00,-1.681e-01,1.502e-02,-7.442e-04,1.442e-02,4.323e-03,4.086e+02,1.794e+01,2.439e+02,-1.083e+01,2.179e+00,-5.395e-02,-1.890e+00,-3.203e-01,6.896e-03,-1.707e-04,-7.792e-03,-9.670e-04
7.919e+05,-6.843e-01,1.446e+00,1.589e+00,1.444e+00,1.730e-03,-2.196e-02,2.327e-02,7.198e-02,1.238e+02,4.065e+02,6.855e+01,-2.252e+02,1.937e+00,-1.791e+00,1.263e+00,4.026e+00,6.131e-03,-5.667e-03,1.792e-02,-1.539e-04
7.987e+05,1.623e+00,-1.446e+00,-6.697e-01,-1.443e+00,2.005e-02,-3.498e-02,-1.117e-01,8.345e-02,6.700e+01,2.219e+02,1.248e+02,-4.131e+02,3.088e+00,-1.790e+00,2.424e+00,-7.368e+00,9.773e-03,-5.663e-03,-1.472e-02,-1.032e-02
8.054e+05,-1.176e+00,2.318e-01,-8.049e-01,2.315e-01,2.738e-02,-1.941e-03,2.356e-02,-1.430e-02,2.201e+02,1.897e+01,4.504e+02,-3.853e+01,2.944e+00,-1.042e-01,-3.436e+00,8.049e-01,9.315e-03,-3.297e-04,-7.422e-03,2.422e-03
8.121e+05,-2.199e-01,1.170e+00,1.666e+00,1.168e+00,1.338e-03,-1.473e-02,2.261e-02,2.778e-02,2.237e+02,4.929e+02,7.632e+01,-1.683e+02,1.596e+00,-1.458e+00,1.354e+00,2.188e+00,5.052e-03,-4.613e-03,1.381e-02,-1.786e-03
8.188e+05,1.455e+00,-1.718e+00,-1.337e+00,-1.715e+00,7.805e-03,-3.301e-02,-4.471e-02,1.599e-01,6.248e+01,2.994e+02,6.680e+01,-3.201e+02,2.568e+00,-2.031e+00,2.463e-01,-7.365e+00,8.125e-03,-6.428e-03,-2.189e-02,-5.338e-03
8.255e+05,-1.680e+00,1.102e+00,1.269e-01,1.101e+00,3.203e-02,-3.005e-02,-9.704e-02,-1.189e-02,7.836e+01,1.560e+02,2.574e+02,-5.119e+02,3.464e+00,-1.371e+00,-4.308e+00,6.120e+00,1.096e-02,-4.337e-03,6.164e-03,1.152e-02
8.322e+05,8.334e-01,1.944e-01,1.155e+00,1.941e-01,1.408e-02,-1.011e-03,1.341e-02,4.504e-03,4.315e+02,2.680e+01,2.305e+02,-1.444e+01,2.111e+00,-7.567e-02,1.774e+00,3.472e-01,6.680e-03,-2.395e-04,7.759e-03,1.020e-03
8.389e+05,4.897e-01,-1.372e+00,-1.795e+00,-1.370e+00,-8.589e-05,-1.816e-02,3.277e-02,4.992e-02,1.493e+02,4.675e+02,6.197e+01,-1.942e+02,1.690e+00,-1.698e+00,-1.502e+00,-3.149e+00,5.347e-03,-5.373e-03,-1.696e-02,2.321e-03
8.456e+05,-1.544e+00,1.845e+00,1.554e+00,1.842e+00,5.697e-03,-3.313e-02,-3.226e-02,1.922e-01,5.470e+01,3.124e+02,5.440e+01,-3.107e+02,2.492e+00,-2.100e+00,2.767e-02,7.840e+00,7.887e-03,-6.646e-03,2.450e-02,4.201e-03
8.524e+05,1.872e+00,-1.493e+00,-6.549e-01,-1.491e+00,2.276e-02,-3.722e-02,-1.460e-01,8.720e-02,5.519e+01,2.081e+02,1.192e+02,-4.491e+02,3.239e+00,-1.816e+00,3.351e+00,-8.234e+00,1.025e-02,-5.746e-03,-1.528e-02,-1.152e-02
8.591e+05,-1.449e+00,5.812e-01,-4.574e-01,5.804e-01,3.655e-02,-1.262e-02,-2.075e-03,-4.456e-02,1.297e+02,7.480e+01,5.787e+02,-3.327e+02,3.448e+00,-5.785e-01,-4.658e+00,2.842e+00,1.091e-02,-1.831e-03,-3.928e-03,7.169e-03
8.658e+05,5.554e-01,4.817e-01,1.383e+00,4.810e-01,7.974e-03,-4.415e-03,8.401e-03,5.074e-03,5.854e+02,2.329e+02,1.473e+02,-5.881e+01,1.643e+00,-4.246e-01,1.117e+00,5.557e-01,5.200e-03,-1.344e-03,7.840e-03,6.423e-04
8.725e+05,4.452e-01,-1.362e+00,-1.914e+00,-1.360e+00,-8.746e-04,-1.691e-02,3.621e-02,4.399e-02,1.543e+02,4.953e+02,5.732e+01,-1.841e+02,1.593e+00,-1.677e+00,-1.575e+00,-2.916e+00,5.041e-03,-5.309e-03,-1.687e-02,3.305e-03
8.792e+05,-1.280e+00,1.902e+00,2.039e+00,1.899e+00,-2.711e-04,-2.763e-02,4.164e-02,1.715e-01,6.025e+01,3.800e+02,4.070e+01,-2.568e+02,2.079e+00,-2.100e+00,1.330e+00,6.642e+00,6.579e-03,-6.644e-03,2.603e-02,-1.055e-03
8.859e+05,1.833e+00,-2.107e+00,-1.874e+00,-2.104e+00,4.093e-03,-3.449e-02,-2.902e-02,2.718e-01,4.058e+01,3.168e+02,3.980e+01,-3.107e+02,2.477e+00,-2.200e+00,-9.729e-02,-9.251e+00,7.837e-03,-6.962e-03,-2.934e-02,-3.445e-03
8.926e+05,-2.118e+00,2.084e+00,1.576e+00,2.081e+00,9.451e-03,-3.839e-02,-1.157e-01,2.840e-01,3.584e+01,2.757e+02,4.638e+01,-3.567e+02,2.782e+00,-2.180e+00,-1.348e+00,1.042e+01,8.804e-03,-6.899e-03,2.823e-02,7.451e-03
8.993e+05,2.226e+00,-1.966e+00,-1.285e+00,-1.963e+00,1.443e-02,-4.017e-02,-1.710e-01,2.433e-01,3.588e+01,2.475e+02,5.741e+01,-3.958e+02,3.004e+00,-2.113e+00,2.533e+00,-1.061e+01,9.507e-03,-6.686e-03,-2.534e-02,-1.007e-02
9.060e+05,-2.264e+00,1.873e+00,1.106e+00,1.870e+00,1.772e-02,-4.074e-02,-1.945e-01,2.064e-01,3.665e+01,2.312e+02,6.693e+01,-4.220e+02,3.134e+00,-2.054e+00,-3.245e+00,1.052e+01,9.916e-03,-6.501e-03,2.313e-02,1.136e-02
9.128e+05,2.318e+00,-1.893e+00,-1.111e+00,-1.890e+00,1.810e-02,-4.109e-02,-2.050e-01,2.116e-01,3.532e+01,2.292e+02,6.574e+01,-4.263e+02,3.155e+00,-2.058e+00,3.420e+00,-1.074e+01,9.984e-03,-6.512e-03,-2.340e-02,-1.163e-02
9.195e+05,-2.429e+00,2.069e+00,1.349e+00,2.066e+00,1.510e-02,-4.137e-02,-2.062e-01,2.787e-01,3.107e+01,2.428e+02,5.190e+01,-4.054e+02,3.057e+00,-2.138e+00,-3.001e+00,1.152e+01,9.674e-03,-6.766e-03,2.703e-02,1.086e-02
9.262e+05,2.552e+00,-2.380e+00,-1.824e+00,-2.376e+00,9.580e-03,-4.044e-02,-1.685e-01,4.004e-01,2.599e+01,2.704e+02,3.522e+01,-3.664e+02,2.843e+00,-2.248e+00,1.906e+00,-1.250e+01,8.995e-03,-7.113e-03,-3.331e-02,-8.402e-03
9.329e+05,-2.504e+00,2.662e+00,2.427e+00,2.659e+00,3.301e-03,-3.712e-02,-5.067e-02,4.877e-01,2.369e+01,3.108e+02,2.438e+01,-3.199e+02,2.532e+00,-2.317e+00,-1.722e-01,1.254e+01,8.012e-03,-7.331e-03,3.894e-02,3.506e-03
9.396e+05,1.904e+00,-2.510e+00,-2.778e+00,-2.506e+00,-2.222e-03,-3.016e-02,9.204e-02,3.443e-01,3.189e+01,3.745e+02,2.258e+01,-2.651e+02,2.104e+00,-2.265e+00,-1.677e+00,-9.593e+00,6.658e-03,-7.167e-03,-3.646e-02,3.221e-03
9.463e+05,-2.940e-01,1.272e+00,2.096e+00,1.270e+00,-1.621e-03,-1.375e-02,3.517e-02,2.699e-02,1.858e+02,5.645e+02,5.258e+01,-1.599e+02,1.390e+00,-1.563e+00,1.580e+00,2.228e+00,4.399e-03,-4.948e-03,1.551e-02,-4.784e-03
9.530e+05,-2.145e+00,1.309e+00,3.310e-01,1.307e+00,3.309e-02,-3.650e-02,-1.666e-01,9.920e-03,5.008e+01,1.623e+02,1.739e+02,-5.628e+02,3.607e+00,-1.599e+00,-5.646e+00,8.151e+00,1.142e-02,-5.060e-03,1.039e-02,1.324e-02
9.597e+05,3.162e+00,-3.319e+00,-3.162e+00,-3.314e+00,1.770e-03,-3.769e-02,-3.659e-02,7.913e-01,1.506e+01,3.159e+02,1.506e+01,-3.159e+02,2.498e+00,-2.384e+00,-1.139e-02,-1.583e+01,7.906e-03,-7.543e-03,-5.000e-02,-2.348e-03
9.664e+05,5.703e-01,4.399e-01,1.415e+00,4.393e-01,7.723e-03,-4.008e-03,8.235e-03,4.282e-03,6.097e+02,2.259e+02,1.440e+02,-5.355e+01,1.611e+00,-3.931e-01,1.092e+00,4.845e-01,5.098e-03,-1.244e-03,7.757e-03,4.799e-04
9.732e+05,-3.595e+00,3.873e+00,3.889e+00,3.867e+00,-1.062e-04,-3.676e-02,4.570e-02,1.064e+00,1.134e+01,3.283e+02,1.051e+01,-3.043e+02,2.406e+00,-2.413e+00,6.970e-01,1.800e+01,7.615e-03,-7.637e-03,5.915e-02,-2.485e-04
9.799e+05,-4.025e+00,3.531e+00,2.845e+00,3.526e+00,8.760e-03,-4.337e-02,-3.891e-01,1.000e+00,1.104e+01,2.676e+02,1.539e+01,-3.731e+02,2.894e+00,-2.368e+00,-3.286e+00,1.975e+01,9.158e-03,-7.493e-03,5.248e-02,1.097e-02
9.866e+05,-4.488e+00,3.947e+00,3.243e+00,3.941e+00,8.080e-03,-4.352e-02,-4.561e-01,1.271e+00,8.858e+00,2.701e+02,1.213e+01,-3.699e+02,2.876e+00,-2.391e+00,-3.471e+00,2.208e+01,9.101e-03,-7.566e-03,5.933e-02,1.133e-02
9.933e+05,-5.071e+00,5.578e+00,5.930e+00,5.570e+00,-2.156e-03,-3.584e-02,3.051e-01,2.181e+00,5.569e+00,3.415e+02,4.774e+00,-2.928e+02,2.309e+00,-2.452e+00,1.970e+00,2.532e+01,7.308e-03,-7.760e-03,8.656e-02,-5.316e-03
1.000e+06,6.174e+00,-6.848e+00,-7.422e+00,-6.838e+00,-2.839e-03,-3.544e-02,5.681e-01,3.260e+00,3.723e+00,3.464e+02,3.102e+00,-2.887e+02,2.274e+00,-2.463e+00,-2.829e+00,-3.078e+01,7.195e-03,-7.794e-03,-1.067e-01,8.652e-03
